"dataset","reported","normapx","mc","hoeffding","bernstein","bennett_l10","e_ho","e_be","e_bn","asym_l10","impossible","normapx_old","mc_old2","mc_lower95","mc_nexc"
"cars","1.5e-12","0.419375171486876","0.00050775","1","0.126775320218571","-1.60077306584207","-0.643419868166731","0.537805899915809","0.990577876995897","-22.2226201867124","FALSE","0.894388350763004","4.45e-05","0.00048937","2031"
"hubble_teach","3e-10","0.580561026084197","0.014718","1","0.117759882754195","-1.63096828190844","-0.557970196507212","0.574363893023972","0.994645505791174","-29.7947293013054","FALSE","1","1.75e-06","0.014619","58873"
"Hubble1929","4.5e-06","0.737538181229911","0.03266","1","0.36348407964379","-0.693200612760525","-0.683380596559131","0.0189405322963905","0.185889674874441","-9.77717450058709","FALSE","1","0.0102","0.032514","130641"
"Galton_slope0","1.7e-49","0.0394579816051329","NA","0.296501914215907","2.06186906451374e-07","-8.96918855776345","-0.061832790614466","6.13579714642618","7.92938498345657","-57.9321587490699","FALSE","0.0427487531079825","NA","0","0"
"Galton_slope1","3.4e-17","0.0588328756545186","NA","1","0.00434194060625572","-2.86593873513537","-0.554468927258623","1.65134823129687","2.04898453184111","-18.0103729435626","FALSE","0.0709212060575041","NA","0","0"
"Boston_nox","4.25e-06","0.231224470825153","8.6e-05","1","0.404245155357707","-0.554383831040589","-0.735814221882042","-0.10418479320707","0.0220484122617567","-5.7116159363336","FALSE","1","5.27e-05","6.5624e-05","43"
"Mincer_educ","8.8e-32","0.13862902475277","NA","0.613323975990075","0.00178975970532627","-5.22389843926226","-0.325178477527146","2.36509491587378","4.30240891907724","-30.7029796153415","FALSE","0.133630427136268","NA","0","0"
"CardKrueger","0.05","0.434488506755958","0.047136","1","1","0","-0.766981150909034","-0.514634693590517","-0.486750481350528","-1.40568236250753","FALSE","0.598756834537379","0.0453","0.046644","23568"
"ReinhartRogoff","1.52431401895819e-10","0.124051390603436","8e-06","1","0.0677460913086503","-1.31171008294235","-0.704601807495067","0.557132171807739","0.675245323619538","-7.58223207554245","FALSE","0.188267596242241","NA","2.7326e-06","4"
"GISTEMP","1.2e-29","0.222909420723976","1.75e-06","0.101018332226107","1.16456495416944e-05","-8.96157785472109","0.326537344749089","5.13182690115765","7.9399490907691","-96.9340931001109","FALSE","0.360134218221002","NA","8.2133e-07","7"
"Moore","1.9e-42","0.308483673641026","NA","2.2495299897703e-11","5.53476287711277e-13","-538.993437569065","9.45856753915561","17.0558064281753","538.498587547385","-2381.92373627105","FALSE","0.678859881518002","NA","0","0"
"Chinchilla","1.9e-121","0.18903271015293","NA","0.000167587126522974","1.56507980088667e-10","-34.4921935238707","2.8189924110061","12.8621744235027","33.1555383361471","-65.7986516439144","FALSE","0.224734751998516","NA","0","0"
"strep","0.01","0.353210920062448","0.010046","1","0.324309800731487","-0.522624602543421","-0.576132208462892","-0.0746431127418024","-0.042267295513359","-2.25976170400282","FALSE","0.524796249625799","NA","0.0099298","20091"
"anorexia","0.0022","0.581935616109211","0.010702","1","0.70902465114448","-0.187627350143812","-0.72295961387676","-0.337751816749161","-0.291382211110689","-3.14654885997113","FALSE","0.989321338900384","NA","0.010617","42807"
"SH0ES","5.7e-07","0.491596908447609","1e-07","1","0.117843444426012","-2.17766168129368","-0.550443177425018","0.584741949131538","1.42335616951856","-12.48172172319069","FALSE","NA","NA","1.777e-08","2"
"hubble_creationist","3.75579567284953e-150","0.334894340648182","NA","0","0","-Inf","228114726.2505","17523124.5461077","1191084297.08083","-449692903114677","TRUE","0.774800630981798","NA","0","0"
"Hubble1929_creationist","2.23133545059776e-137","0.369829682100585","NA","0","0","-Inf","20396432.715384","1540415.90706533","104672812.300502","-3519256521819.88","TRUE","0.984044752586799","NA","0","0"
