dataset,n,t0,mode,init,p,lower95,nexc,B,feas,maxT,m3,m4,maxr,secs
anorexia,43,3.38430228689956,0,skew,1.0527e-02,1.0443e-02,42109,4000000,True,148.08,1.596,3.000,0.000,173
anorexia,43,3.38430228689956,0,zi,1.0702e-02,1.0617e-02,42807,4000000,True,209.90,1.596,3.000,0.000,349
Boston_nox,506,4.75930541191123,0,skew,8.6000e-05,6.5624e-05,43,500000,True,7.10,1.596,3.000,0.000,240
Boston_nox,506,4.75930541191123,0,zi,8.2000e-05,6.2133e-05,41,500000,True,7.39,1.596,3.000,0.000,484
CardKrueger,384,2.06110292749991,0,skew,4.7136e-02,4.6644e-02,23568,500000,True,7.29,1.596,3.000,0.000,128
CardKrueger,384,2.06110292749991,0,zi,4.7136e-02,4.6644e-02,23568,500000,True,7.29,1.596,3.000,0.000,254
cars,50,9.86355002140824,0,skew,3.0875e-04,2.9444e-04,1235,4000000,True,15.81,1.596,3.000,0.000,325
cars,50,9.86355002140824,0,zi,2.8950e-04,2.7565e-04,1158,4000000,True,15.51,1.596,3.000,0.000,675
Chinchilla,245,17.2296969181682,0,skew,0.0000e+00,0.0000e+00,0,2000000,True,10.31,1.596,3.000,0.000,864
Chinchilla,245,17.2296969181682,0,zi,0.0000e+00,0.0000e+00,0,2000000,True,10.31,1.596,3.000,0.000,1759
Galton_slope0,928,16.1482089322249,0,skew,0.0000e+00,0.0000e+00,0,500000,True,5.48,1.596,3.000,0.000,594
Galton_slope0,928,16.1482089322249,0,zi,0.0000e+00,0.0000e+00,0,500000,True,5.43,1.596,3.000,0.000,1201
Galton_slope1,928,8.83777938649689,0,skew,0.0000e+00,0.0000e+00,0,500000,True,5.66,1.596,3.000,0.000,606
Galton_slope1,928,8.83777938649689,0,zi,0.0000e+00,0.0000e+00,0,500000,True,5.66,1.596,3.000,0.000,1210
GISTEMP,56,20.9727309932539,0,skew,1.7500e-06,8.2133e-07,7,4000000,True,24.15,1.596,3.000,0.000,396
GISTEMP,56,20.9727309932539,0,zi,1.7500e-06,8.2133e-07,7,4000000,True,24.15,1.596,3.000,0.000,795
hubble_creationist,22,45507277.9923619,0,skew,0.0000e+00,0.0000e+00,0,4000000,True,13.23,1.517,3.000,0.000,159
hubble_creationist,22,45507277.9923619,0,zi,0.0000e+00,0.0000e+00,0,4000000,True,11.31,1.596,3.000,0.000,315
hubble_teach,22,11.4830994777042,0,skew,5.8887e-03,5.8260e-03,23555,4000000,True,20.21,1.596,3.000,0.000,129
hubble_teach,22,11.4830994777042,0,zi,5.6317e-03,5.5703e-03,22527,4000000,True,20.20,1.596,3.000,0.000,273
Hubble1929_creationist,24,4025763.92888333,0,skew,0.0000e+00,0.0000e+00,0,4000000,True,10.01,1.596,3.000,0.000,172
Hubble1929_creationist,24,4025763.92888333,0,zi,0.0000e+00,0.0000e+00,0,4000000,True,8.64,1.596,3.000,0.000,345
Hubble1929,24,6.38893784742105,0,skew,2.8939e-02,2.8801e-02,115756,4000000,True,10.89,1.596,3.000,0.000,126
Hubble1929,24,6.38893784742105,0,zi,2.7715e-02,2.7580e-02,110861,4000000,True,11.99,1.596,3.000,0.000,262
Mincer_educ,526,11.662489649839,0,skew,0.0000e+00,0.0000e+00,0,500000,True,5.96,1.596,3.000,0.000,257
Mincer_educ,526,11.662489649839,0,zi,0.0000e+00,0.0000e+00,0,500000,True,6.25,1.596,3.000,0.000,517
Moore,39,104.687202926857,0,skew,0.0000e+00,0.0000e+00,0,4000000,True,14.05,1.596,3.000,0.000,269
Moore,39,104.687202926857,0,zi,0.0000e+00,0.0000e+00,0,4000000,True,14.05,1.596,3.000,0.000,539
ReinhartRogoff,1175,5.56531556145529,0,skew,4.0000e-06,7.1072e-07,2,500000,True,6.02,1.596,3.000,0.000,880
ReinhartRogoff,1175,5.56531556145529,0,zi,8.0000e-06,2.7326e-06,4,500000,True,6.28,1.596,3.000,0.000,1716
SH0ES,3492,7.28162576134117,0,skew,0.0000e+00,0.0000e+00,0,500000,True,7.18,1.596,3.000,0.000,2793
SH0ES,3492,7.28162576134117,0,zi,0.0000e+00,0.0000e+00,0,500000,True,6.44,1.596,3.000,0.000,7094
strep,107,2.77628345350695,0,skew,1.0046e-02,9.9298e-03,20091,2000000,True,7.52,1.596,2.868,0.000,126
strep,107,2.77628345350695,0,zi,1.0000e-02,9.8845e-03,20000,2000000,True,8.42,1.596,2.868,0.000,266
anorexia,43,3.38430228689956,2,skew,1.0526e-02,1.0442e-02,42102,4000000,True,113.97,1.596,3.000,0.085,355
anorexia,43,3.38430228689956,2,zi,1.0693e-02,1.0609e-02,42773,4000000,True,143.02,1.596,3.000,0.052,718
Boston_nox,506,4.75930541191123,2,skew,4.0000e-05,2.6509e-05,20,500000,True,6.74,1.596,3.000,5.031,458
Boston_nox,506,4.75930541191123,2,zi,2.2000e-05,1.2338e-05,11,500000,True,6.33,1.596,3.000,7.430,940
CardKrueger,384,2.06110292749991,2,skew,4.6962e-02,4.6471e-02,23481,500000,True,7.08,1.596,3.000,0.105,244
CardKrueger,384,2.06110292749991,2,zi,4.6958e-02,4.6467e-02,23479,500000,True,7.08,1.596,3.000,0.105,497
cars,50,9.86355002140824,2,skew,5.0650e-04,4.8814e-04,2026,4000000,True,21.94,1.596,3.000,0.547,751
cars,50,9.86355002140824,2,zi,5.0775e-04,4.8937e-04,2031,4000000,True,21.27,1.596,3.000,0.284,1543
Chinchilla,245,17.2296969181682,2,skew,0.0000e+00,0.0000e+00,0,2000000,True,9.24,1.596,3.000,30.202,1754
Chinchilla,245,17.2296969181682,2,zi,0.0000e+00,0.0000e+00,0,2000000,True,7.40,1.596,3.000,48.891,2873
Galton_slope0,928,16.1482089322249,2,skew,0.0000e+00,0.0000e+00,0,500000,True,5.44,1.596,3.000,0.140,1017
Galton_slope0,928,16.1482089322249,2,zi,0.0000e+00,0.0000e+00,0,500000,True,5.37,1.596,3.000,0.105,1843
Galton_slope1,928,8.83777938649689,2,skew,0.0000e+00,0.0000e+00,0,500000,True,4.65,1.596,3.000,3.261,1020
Galton_slope1,928,8.83777938649689,2,zi,0.0000e+00,0.0000e+00,0,500000,True,4.10,1.596,3.000,3.273,1839
GISTEMP,56,20.9727309932539,2,skew,0.0000e+00,0.0000e+00,0,4000000,True,19.62,1.596,3.000,2.570,845
GISTEMP,56,20.9727309932539,2,zi,2.2500e-06,1.1738e-06,9,4000000,True,35.34,1.596,3.000,1.829,1742
hubble_creationist,22,45507277.9923619,2,skew,0.0000e+00,0.0000e+00,0,4000000,True,9.16,1.596,3.000,5.604,318
hubble_creationist,22,45507277.9923619,2,zi,0.0000e+00,0.0000e+00,0,4000000,True,5.10,1.596,3.000,5.894,616
hubble_teach,22,11.4830994777042,2,skew,1.4578e-02,1.4480e-02,58313,4000000,True,23.61,1.596,3.000,0.407,320
hubble_teach,22,11.4830994777042,2,zi,1.4718e-02,1.4619e-02,58873,4000000,True,33.83,1.596,3.000,0.339,647
Hubble1929_creationist,24,4025763.92888333,2,skew,0.0000e+00,0.0000e+00,0,4000000,True,8.95,1.596,3.000,1.847,335
Hubble1929_creationist,24,4025763.92888333,2,zi,0.0000e+00,0.0000e+00,0,4000000,True,6.80,1.596,3.000,6.748,658
Hubble1929,24,6.38893784742105,2,skew,3.2630e-02,3.2484e-02,130521,4000000,True,10.35,1.596,3.000,0.525,299
Hubble1929,24,6.38893784742105,2,zi,3.2660e-02,3.2514e-02,130641,4000000,True,10.38,1.596,3.000,0.941,605
Mincer_educ,526,11.662489649839,2,skew,0.0000e+00,0.0000e+00,0,500000,True,5.77,1.596,3.000,9.272,486
Mincer_educ,526,11.662489649839,2,zi,0.0000e+00,0.0000e+00,0,500000,True,5.70,1.596,3.000,7.983,983
Moore,39,104.687202926857,2,skew,0.0000e+00,0.0000e+00,0,4000000,True,3.87,1.596,3.000,5.210,560
Moore,39,104.687202926857,2,zi,0.0000e+00,0.0000e+00,0,4000000,True,4.57,1.596,3.000,2.302,1135
ReinhartRogoff,1175,5.56531556145529,2,skew,0.0000e+00,0.0000e+00,0,500000,True,4.22,1.596,3.000,2.267,1195
ReinhartRogoff,1175,5.56531556145529,2,zi,0.0000e+00,0.0000e+00,0,500000,True,5.11,1.596,3.000,1.847,1993
SH0ES,3492,7.28162576134117,2,skew,0.0000e+00,0.0000e+00,0,500000,True,4.50,1.596,3.000,15.900,1794
SH0ES,3492,7.28162576134117,2,zi,0.0000e+00,0.0000e+00,0,500000,True,5.38,1.596,3.000,17.565,3584
strep,107,2.77628345350695,2,skew,1.0002e-02,9.8870e-03,20005,2000000,True,7.48,1.596,2.868,0.069,299
strep,107,2.77628345350695,2,zi,9.9680e-03,9.8527e-03,19936,2000000,True,8.42,1.596,2.868,0.093,606
SH0ES,3492,7.28162576134117,0,skew_cont,1.0000e-07,1.7770e-08,2,20000000,True,7.39,1.596,3.000,0.000,4177
