"dataset","n","t0","mc","lower95","nexc","B","mode","init","runs","feas"
"CardKrueger",384,2.06110292749991,0.047136,0.046644,23568,500000,0,"skew",4,TRUE
"Hubble1929",24,6.38893784742105,0.03266,0.032514,130641,4000000,2,"zi",4,TRUE
"hubble_teach",22,11.4830994777042,0.014718,0.014619,58873,4000000,2,"zi",4,TRUE
"anorexia",43,3.38430228689956,0.010702,0.010617,42807,4000000,0,"zi",4,TRUE
"strep",107,2.77628345350695,0.010046,0.0099298,20091,2000000,0,"skew",4,TRUE
"cars",50,9.86355002140824,0.00050775,0.00048937,2031,4000000,2,"zi",4,TRUE
"Boston_nox",506,4.75930541191123,8.6e-05,6.5624e-05,43,500000,0,"skew",4,TRUE
"ReinhartRogoff",1175,5.56531556145529,8e-06,2.7326e-06,4,500000,0,"zi",4,TRUE
"GISTEMP",56,20.9727309932539,2.25e-06,1.1738e-06,9,4000000,2,"zi",4,TRUE
"Chinchilla",245,17.2296969181682,0,0,0,2000000,0,"skew",4,TRUE
"Galton_slope0",928,16.1482089322249,0,0,0,500000,0,"skew",4,TRUE
"Galton_slope1",928,8.83777938649689,0,0,0,500000,0,"skew",4,TRUE
"hubble_creationist",22,45507277.9923619,0,0,0,4000000,0,"skew",4,TRUE
"Hubble1929_creationist",24,4025763.92888333,0,0,0,4000000,0,"skew",4,TRUE
"Mincer_educ",526,11.662489649839,0,0,0,500000,0,"skew",4,TRUE
"Moore",39,104.687202926857,0,0,0,4000000,0,"skew",4,TRUE
"SH0ES",3492,7.28162576134117,0,0,0,500000,0,"skew",4,TRUE
